<?xml version="1.0"?>
<!--noNamespaceSchemaLocation-->
<c:company xmlns:c="http://morning.com/" 
xmlns:xsi="http://www.w3.org/2001/XMLSchema-instance" xsi:schemaLocation="http://morning.com company.xsd">
	<staff>
		<firstname>Mansimar</firstname>
		<middlename>Vara</middlename>
		<lastname>Seth</lastname>
		<nickname>Rahul</nickname>
		<salary>100000</salary>
	</staff>
	<staff>
		<firstname>Vara</firstname>
		<!--<middlename>Vara</middlename>-->
		<lastname>Prasad</lastname>
		<nickname>Vara</nickname>
		<salary>20000</salary>
	</staff>
</c:company>